{"$schema":"../node_modules/@tauri-apps/cli/config.schema.json","productName":"HotCocoa","version":"0.1.0","identifier":"com.hotcocoa.desktop","app":{"windows":[{"label":"main","create":true,"url":"index.html","dragDropEnabled":true,"center":true,"width":1280.0,"height":800.0,"minWidth":800.0,"minHeight":600.0,"resizable":true,"maximizable":true,"minimizable":true,"closable":true,"title":"HotCocoa","fullscreen":false,"focus":true,"focusable":true,"transparent":false,"maximized":false,"visible":true,"decorations":true,"alwaysOnBottom":false,"alwaysOnTop":false,"visibleOnAllWorkspaces":false,"contentProtected":false,"skipTaskbar":false,"titleBarStyle":"Visible","hiddenTitle":false,"acceptFirstMouse":false,"shadow":true,"incognito":false,"zoomHotkeysEnabled":false,"browserExtensionsEnabled":false,"useHttpsScheme":false,"javascriptDisabled":false,"allowLinkPreview":true,"disableInputAccessoryView":false,"scrollBarStyle":"default"}],"security":{"csp":"default-src 'self'; img-src 'self' data: blob: https:; script-src 'self' 'unsafe-inline' 'unsafe-eval' https://apis.google.com https://accounts.google.com; style-src 'self' 'unsafe-inline' https://fonts.googleapis.com; font-src 'self' https://fonts.gstatic.com; connect-src 'self' https://*.modal.run https://apis.google.com http://64.181.162.38","freezePrototype":false,"dangerousDisableAssetCspModification":false,"assetProtocol":{"scope":[],"enable":false},"pattern":{"use":"brownfield"},"capabilities":[]},"macOSPrivateApi":false,"withGlobalTauri":false,"enableGTKAppId":false},"build":{"devUrl":"http://localhost:3000/","frontendDist":"../dist","beforeDevCommand":"","beforeBuildCommand":"bun run build","removeUnusedCommands":false,"additionalWatchFolders":[]},"bundle":{"active":true,"targets":["appimage","deb"],"createUpdaterArtifacts":false,"icon":["icons/32x32.png","icons/128x128.png","icons/128x128@2x.png","icons/icon.icns","icons/icon.ico"],"category":"Lifestyle","shortDescription":"Couples Memory Deck - AI-enhanced romantic experiences","longDescription":"HotCocoa is a couples memory deck application that uses AI to create intimate experiences from your shared photos.","useLocalToolsDir":false,"windows":{"digestAlgorithm":null,"certificateThumbprint":null,"timestampUrl":null,"tsp":false,"webviewInstallMode":{"type":"downloadBootstrapper","silent":true},"allowDowngrades":true,"wix":null,"nsis":null,"signCommand":null},"linux":{"appimage":{"bundleMediaFramework":true,"files":{}},"deb":{"depends":["libwebkit2gtk-4.1-0","libgtk-3-0"],"files":{}},"rpm":{"release":"1","epoch":0,"files":{}}},"macOS":{"files":{},"minimumSystemVersion":"10.13","hardenedRuntime":true,"dmg":{"windowSize":{"width":660,"height":400},"appPosition":{"x":180,"y":170},"applicationFolderPosition":{"x":480,"y":170}}},"iOS":{"minimumSystemVersion":"14.0"},"android":{"minSdkVersion":24,"autoIncrementVersionCode":false}},"plugins":{}}